<?xml version="1.0" encoding="windows-1252"?>
<Collection name="Portal Framework" guid="{87249f75-a065-4f2f-8dcd-fbbf2ca0dccd}" system="No" updatable="Yes" blockNavigatorNode="No" onInstallAddonGuid="{C299048C-775A-48E9-9B47-8CB8B7CE16DB}">
	<HelpLink></HelpLink>
	<Help></Help>
	<Addon name="Portal Install" guid="{C299048C-775A-48E9-9B47-8CB8B7CE16DB}" type="Tool">
		<DotNetClass><![CDATA[Contensive.Addons.PortalFramework.InstallAddon]]></DotNetClass>
	</Addon>
	<Addon name="Portal" guid="{A1BCA00C-2657-42A1-8F98-BED1E5A42025}" type="Tool">
		<DotNetClass><![CDATA[Contensive.Addons.PortalFramework.PortalAddon]]></DotNetClass>
		<ArgumentList><![CDATA[Portal=[listid(portals)]]]></ArgumentList>
		<IncludeAddon name="jQuery BlockUI" guid="{F6087787-E01E-4E09-AC02-502D0387E048}"/>
		<IncludeAddon name="Contensive Base Assets" guid="{F83EE7F9-79DA-4B3F-A1CD-45AEAD93D70F}"/>
		<javascriptForceHead>Yes</javascriptForceHead>
		<!-- convert to files when portal moves to c5 because html generated follows nuget, not addon install -->
		<JSHeadScriptSrc></JSHeadScriptSrc>
		<styleslinkhref></styleslinkhref>
		<!-- 
		<JSHeadScriptSrc>/portalframework/scripts.js</JSHeadScriptSrc>
		<styleslinkhref>/portalframework/styles.css</styleslinkhref>
		-->
	</Addon>
	<CDef Name="Admin Framework Report Columns" Active="True" AdminOnly="False" AllowAdd="True" AllowCalendarEvents="0" AllowContentChildTool="0" AllowContentTracking="0" AllowDelete="True" AllowMetaContent="0" AllowTopicRules="0" AllowWorkflowAuthoring="0" AuthoringDataSourceName="Default" AuthoringTableName="adminFrameworkReportColumns" ContentDataSourceName="Default" ContentTableName="adminFrameworkReportColumns" DefaultSortMethod="By Name" DeveloperOnly="False" DropDownFieldList="Name" EditorGroupName="" Parent="" IconLink="" IconHeight="0" IconWidth="0" IconSprites="0" isbasecontent="0" guid="{9BE04402-D81B-4648-8EF4-6A53CDF6595B}" >
		<Field Name="Name" active="True" AdminOnly="False" Authorable="True" Caption="Name" DeveloperOnly="False" EditSortPriority="110" FieldType="Text" HTMLContent="False" IndexColumn="10" IndexSortDirection="" IndexSortOrder="99" IndexWidth="21" RedirectID="0" RedirectPath="" Required="False" TextBuffered="False" UniqueName="False" DefaultValue="" RSSTitle="False" RSSDescription="False" MemberSelectGroup="" EditTab="" Scramble="False" LookupList="" NotEditable="False" Password="False" ReadOnly="True" ManyToManyRulePrimaryField="" ManyToManyRuleSecondaryField="" IsModified="False" IsBaseField="False" LookupContent="" RedirectContent="" ManyToManyContent="" ManyToManyRuleContent="" >
			<HelpDefault><![CDATA[The name of the field. This name does NOT appear on the report.]]></HelpDefault>
		</Field>
		<Field Name="Active" active="True" AdminOnly="False" Authorable="False" Caption="Active" DeveloperOnly="False" EditSortPriority="9999" FieldType="Boolean" HTMLContent="False" IndexColumn="0" IndexSortDirection="" IndexSortOrder="0" IndexWidth="0" RedirectID="0" RedirectPath="" Required="False" TextBuffered="False" UniqueName="False" DefaultValue="1" RSSTitle="False" RSSDescription="False" MemberSelectGroup="" EditTab="" Scramble="False" LookupList="" NotEditable="False" Password="False" ReadOnly="False" ManyToManyRulePrimaryField="" ManyToManyRuleSecondaryField="" IsModified="False" IsBaseField="False" LookupContent="" RedirectContent="" ManyToManyContent="" ManyToManyRuleContent="" ></Field>
		<Field Name="SortOrder" active="True" AdminOnly="False" Authorable="False" Caption="Alpha Sort Order" DeveloperOnly="False" EditSortPriority="9999" FieldType="Text" HTMLContent="False" IndexColumn="0" IndexSortDirection="" IndexSortOrder="0" IndexWidth="0" RedirectID="0" RedirectPath="" Required="False" TextBuffered="False" UniqueName="False" DefaultValue="" RSSTitle="False" RSSDescription="False" MemberSelectGroup="" EditTab="" Scramble="False" LookupList="" NotEditable="False" Password="False" ReadOnly="False" ManyToManyRulePrimaryField="" ManyToManyRuleSecondaryField="" IsModified="False" IsBaseField="False" LookupContent="" RedirectContent="" ManyToManyContent="" ManyToManyRuleContent="" ></Field>
		<Field Name="captionClass" active="True" AdminOnly="False" Authorable="True" Caption="Caption Class" DeveloperOnly="False" EditSortPriority="1000" FieldType="Text" HTMLContent="False" IndexColumn="30" IndexSortDirection="" IndexSortOrder="99" IndexWidth="15" RedirectID="" RedirectPath="" Required="False" TextBuffered="False" UniqueName="False" DefaultValue="" RSSTitle="False" RSSDescription="False" MemberSelectGroup="" EditTab="" Scramble="False" LookupList="" NotEditable="False" Password="False" ReadOnly="False" ManyToManyRulePrimaryField="" ManyToManyRuleSecondaryField="" IsModified="False" IsBaseField="False" LookupContent="" RedirectContent="" ManyToManyContent="" ManyToManyRuleContent="" >
			<HelpDefault><![CDATA[The html class used in the caption for this column.]]></HelpDefault>
		</Field>
		<Field Name="cellClass" active="True" AdminOnly="False" Authorable="True" Caption="Cell Class" DeveloperOnly="False" EditSortPriority="1010" FieldType="Text" HTMLContent="False" IndexColumn="40" IndexSortDirection="" IndexSortOrder="99" IndexWidth="20" RedirectID="" RedirectPath="" Required="False" TextBuffered="False" UniqueName="False" DefaultValue="" RSSTitle="False" RSSDescription="False" MemberSelectGroup="" EditTab="" Scramble="False" LookupList="" NotEditable="False" Password="False" ReadOnly="False" ManyToManyRulePrimaryField="" ManyToManyRuleSecondaryField="" IsModified="False" IsBaseField="False" LookupContent="" RedirectContent="" ManyToManyContent="" ManyToManyRuleContent="" >
			<HelpDefault><![CDATA[The html class used in each cell of this column.]]></HelpDefault>
		</Field>
		<Field Name="reportId" active="True" AdminOnly="False" Authorable="True" Caption="Report" DeveloperOnly="False" EditSortPriority="100" FieldType="Lookup" HTMLContent="False" IndexColumn="0" IndexSortDirection="" IndexSortOrder="99" IndexWidth="20" RedirectID="" RedirectPath="" Required="False" TextBuffered="False" UniqueName="False" DefaultValue="" RSSTitle="False" RSSDescription="False" MemberSelectGroup="" EditTab="" Scramble="False" LookupList="" NotEditable="False" Password="False" ReadOnly="False" ManyToManyRulePrimaryField="" ManyToManyRuleSecondaryField="" IsModified="False" IsBaseField="False" LookupContent="Admin Framework Reports" RedirectContent="" ManyToManyContent="" ManyToManyRuleContent="" >
			<HelpDefault><![CDATA[The report that uses this column]]></HelpDefault>
		</Field>
		<Field Name="caption" active="True" AdminOnly="False" Authorable="True" Caption="Caption" DeveloperOnly="False" EditSortPriority="200" FieldType="Text" HTMLContent="False" IndexColumn="20" IndexSortDirection="" IndexSortOrder="99" IndexWidth="20" RedirectID="" RedirectPath="" Required="False" TextBuffered="False" UniqueName="False" DefaultValue="" RSSTitle="False" RSSDescription="False" MemberSelectGroup="" EditTab="" Scramble="False" LookupList="" NotEditable="False" Password="False" ReadOnly="False" ManyToManyRulePrimaryField="" ManyToManyRuleSecondaryField="" IsModified="False" IsBaseField="False" LookupContent="" RedirectContent="" ManyToManyContent="" ManyToManyRuleContent="" >
			<HelpDefault><![CDATA[The caption that appears in the header for this report field.]]></HelpDefault>
		</Field>
		<Field Name="visible" active="True" AdminOnly="False" Authorable="True" Caption="Column Visible" DeveloperOnly="False" EditSortPriority="1020" FieldType="Boolean" HTMLContent="False" IndexColumn="50" IndexSortDirection="" IndexSortOrder="99" IndexWidth="20" RedirectID="" RedirectPath="" Required="False" TextBuffered="False" UniqueName="False" DefaultValue="0" RSSTitle="False" RSSDescription="False" MemberSelectGroup="" EditTab="" Scramble="False" LookupList="" NotEditable="False" Password="False" ReadOnly="False" ManyToManyRulePrimaryField="" ManyToManyRuleSecondaryField="" IsModified="False" IsBaseField="False" LookupContent="" RedirectContent="" ManyToManyContent="" ManyToManyRuleContent="" >
			<HelpDefault><![CDATA[Set true to prevent the field from displaying on the report, but will still be included in an export.]]></HelpDefault>
		</Field>
	</CDef>
	<CDef Name="Admin Framework Reports" Active="True" AdminOnly="False" AllowAdd="True" AllowCalendarEvents="0" AllowContentChildTool="0" AllowContentTracking="0" AllowDelete="True" AllowMetaContent="0" AllowTopicRules="0" AllowWorkflowAuthoring="0" AuthoringDataSourceName="Default" AuthoringTableName="adminFrameworkReports" ContentDataSourceName="Default" ContentTableName="adminFrameworkReports" DefaultSortMethod="By Name" DeveloperOnly="False" DropDownFieldList="Name" EditorGroupName="" Parent="" IconLink="" IconHeight="0" IconWidth="0" IconSprites="0" isbasecontent="0" guid="{A123090F-E2D2-44F1-9F03-32437D1EC3AD}" >
		<Field Name="Name" active="True" AdminOnly="False" Authorable="True" Caption="Name" DeveloperOnly="False" EditSortPriority="110" FieldType="Text" HTMLContent="False" IndexColumn="0" IndexSortDirection="" IndexSortOrder="0" IndexWidth="0" RedirectID="0" RedirectPath="" Required="False" TextBuffered="False" UniqueName="False" DefaultValue="" RSSTitle="False" RSSDescription="False" MemberSelectGroup="" EditTab="" Scramble="False" LookupList="" NotEditable="False" Password="False" ReadOnly="False" ManyToManyRulePrimaryField="" ManyToManyRuleSecondaryField="" IsModified="False" IsBaseField="False" LookupContent="" RedirectContent="" ManyToManyContent="" ManyToManyRuleContent="" >
			<HelpDefault><![CDATA[The name used to identify this report record. This name does NOT appear on the report.]]></HelpDefault>
		</Field>
		<Field Name="Active" active="True" AdminOnly="False" Authorable="False" Caption="Active" DeveloperOnly="False" EditSortPriority="9999" FieldType="Boolean" HTMLContent="False" IndexColumn="0" IndexSortDirection="" IndexSortOrder="0" IndexWidth="0" RedirectID="0" RedirectPath="" Required="False" TextBuffered="False" UniqueName="False" DefaultValue="1" RSSTitle="False" RSSDescription="False" MemberSelectGroup="" EditTab="" Scramble="False" LookupList="" NotEditable="False" Password="False" ReadOnly="False" ManyToManyRulePrimaryField="" ManyToManyRuleSecondaryField="" IsModified="False" IsBaseField="False" LookupContent="" RedirectContent="" ManyToManyContent="" ManyToManyRuleContent="" ></Field>
		<Field Name="SortOrder" active="True" AdminOnly="False" Authorable="False" Caption="Alpha Sort Order" DeveloperOnly="False" EditSortPriority="2000" FieldType="Text" HTMLContent="False" IndexColumn="0" IndexSortDirection="" IndexSortOrder="0" IndexWidth="0" RedirectID="0" RedirectPath="" Required="False" TextBuffered="False" UniqueName="False" DefaultValue="" RSSTitle="False" RSSDescription="False" MemberSelectGroup="" EditTab="" Scramble="False" LookupList="" NotEditable="False" Password="False" ReadOnly="False" ManyToManyRulePrimaryField="" ManyToManyRuleSecondaryField="" IsModified="False" IsBaseField="False" LookupContent="" RedirectContent="" ManyToManyContent="" ManyToManyRuleContent="" ></Field>
		<Field Name="title" active="True" AdminOnly="False" Authorable="True" Caption="Title" DeveloperOnly="False" EditSortPriority="200" FieldType="Text" HTMLContent="False" IndexColumn="0" IndexSortDirection="" IndexSortOrder="0" IndexWidth="" RedirectID="" RedirectPath="" Required="False" TextBuffered="False" UniqueName="False" DefaultValue="" RSSTitle="False" RSSDescription="False" MemberSelectGroup="" EditTab="" Scramble="False" LookupList="" NotEditable="False" Password="False" ReadOnly="False" ManyToManyRulePrimaryField="" ManyToManyRuleSecondaryField="" IsModified="False" IsBaseField="False" LookupContent="" RedirectContent="" ManyToManyContent="" ManyToManyRuleContent="" >
			<HelpDefault><![CDATA[The Title used as the top of the report.]]></HelpDefault>
		</Field>
		<Field Name="description" active="True" AdminOnly="False" Authorable="True" Caption="Description" DeveloperOnly="False" EditSortPriority="300" FieldType="HTML" HTMLContent="False" IndexColumn="0" IndexSortDirection="" IndexSortOrder="0" IndexWidth="" RedirectID="" RedirectPath="" Required="False" TextBuffered="False" UniqueName="False" DefaultValue="" RSSTitle="False" RSSDescription="False" MemberSelectGroup="" EditTab="" Scramble="False" LookupList="" NotEditable="False" Password="False" ReadOnly="False" ManyToManyRulePrimaryField="" ManyToManyRuleSecondaryField="" IsModified="False" IsBaseField="False" LookupContent="" RedirectContent="" ManyToManyContent="" ManyToManyRuleContent="" >
			<HelpDefault><![CDATA[The description that appears immediately below the report title.]]></HelpDefault>
		</Field>
	</CDef>
	<CDef Name="Portal Features" Active="True" AdminOnly="False" AllowAdd="True" AllowCalendarEvents="0" AllowContentChildTool="0" AllowContentTracking="0" AllowDelete="True" AllowMetaContent="0" AllowTopicRules="0" AllowWorkflowAuthoring="0" AuthoringDataSourceName="Default" AuthoringTableName="ccPortalFeatures" ContentDataSourceName="Default" ContentTableName="ccPortalFeatures" DefaultSortMethod="By Name" DeveloperOnly="False" DropDownFieldList="Name" EditorGroupName="" Parent="" IconLink="" IconHeight="0" IconWidth="0" IconSprites="0" isbasecontent="0" guid="{0D3CF9FB-9B2B-4F0B-AA51-481C27EAB4B8}" >
		<Field Name="Name" active="True" AdminOnly="False" Authorable="True" Caption="Name" DeveloperOnly="False" EditSortPriority="100" FieldType="Text" HTMLContent="False" IndexColumn="0" IndexSortDirection="" IndexSortOrder="99" IndexWidth="27" RedirectID="0" RedirectPath="" Required="False" TextBuffered="False" UniqueName="False" DefaultValue="" RSSTitle="False" RSSDescription="False" MemberSelectGroup="" EditTab="" Scramble="False" LookupList="" NotEditable="False" Password="False" ReadOnly="False" ManyToManyRulePrimaryField="" ManyToManyRuleSecondaryField="" IsModified="False" IsBaseField="False" LookupContent="" RedirectContent="" ManyToManyContent="" ManyToManyRuleContent="" >
			<HelpDefault><![CDATA[The name of the manager feature. Use this name to recognize the feature in a list. It appears on the manager tab if no heading is supplied.]]></HelpDefault>
		</Field>
		<Field Name="Active" active="True" AdminOnly="False" Authorable="True" Caption="Active" DeveloperOnly="False" EditSortPriority="300" FieldType="Boolean" HTMLContent="False" IndexColumn="0" IndexSortDirection="" IndexSortOrder="0" IndexWidth="0" RedirectID="0" RedirectPath="" Required="False" TextBuffered="False" UniqueName="False" DefaultValue="1" RSSTitle="False" RSSDescription="False" MemberSelectGroup="" EditTab="" Scramble="False" LookupList="" NotEditable="False" Password="False" ReadOnly="False" ManyToManyRulePrimaryField="" ManyToManyRuleSecondaryField="" IsModified="False" IsBaseField="False" LookupContent="" RedirectContent="" ManyToManyContent="" ManyToManyRuleContent="" >
			<HelpDefault><![CDATA[Uncheck to disable this feature.]]></HelpDefault>
		</Field>
		<Field Name="SortOrder" active="True" AdminOnly="False" Authorable="True" Caption="Alpha Sort Order" DeveloperOnly="False" EditSortPriority="600" FieldType="Text" HTMLContent="False" IndexColumn="30" IndexSortDirection="" IndexSortOrder="99" IndexWidth="9" RedirectID="0" RedirectPath="" Required="False" TextBuffered="False" UniqueName="False" DefaultValue="" RSSTitle="False" RSSDescription="False" MemberSelectGroup="" EditTab="" Scramble="False" LookupList="" NotEditable="False" Password="False" ReadOnly="False" ManyToManyRulePrimaryField="" ManyToManyRuleSecondaryField="" IsModified="False" IsBaseField="False" LookupContent="" RedirectContent="" ManyToManyContent="" ManyToManyRuleContent="" >
			<HelpDefault><![CDATA[The alphanumeric string used to determine the order of the feature headings.]]></HelpDefault>
		</Field>
		<Field Name="portalId" active="True" AdminOnly="False" Authorable="True" Caption="Portal" DeveloperOnly="False" EditSortPriority="400" FieldType="Lookup" HTMLContent="False" IndexColumn="10" IndexSortDirection="" IndexSortOrder="99" IndexWidth="27" RedirectID="" RedirectPath="" Required="False" TextBuffered="False" UniqueName="False" DefaultValue="" RSSTitle="False" RSSDescription="False" MemberSelectGroup="" EditTab="" Scramble="False" LookupList="" NotEditable="False" Password="False" ReadOnly="False" ManyToManyRulePrimaryField="" ManyToManyRuleSecondaryField="" IsModified="False" IsBaseField="False" LookupContent="Portals" RedirectContent="" ManyToManyContent="" ManyToManyRuleContent="" >
			<HelpDefault><![CDATA[Select the manager under which this feature appears.]]></HelpDefault>
		</Field>
		<Field Name="addonId" active="True" AdminOnly="False" Authorable="True" Caption="Addon" DeveloperOnly="False" EditSortPriority="550" FieldType="Lookup" HTMLContent="False" IndexColumn="20" IndexSortDirection="" IndexSortOrder="99" IndexWidth="27" RedirectID="" RedirectPath="" Required="False" TextBuffered="False" UniqueName="False" DefaultValue="" RSSTitle="False" RSSDescription="False" MemberSelectGroup="" EditTab="" Scramble="False" LookupList="" NotEditable="False" Password="False" ReadOnly="False" ManyToManyRulePrimaryField="" ManyToManyRuleSecondaryField="" IsModified="False" IsBaseField="False" LookupContent="Add-ons" RedirectContent="" ManyToManyContent="" ManyToManyRuleContent="" >
			<HelpDefault><![CDATA[If this feature runs an addon, select the manager to use this feature. If this feature is a feature list, leave this blank.]]></HelpDefault>
		</Field>
		<Field Name="heading" active="True" AdminOnly="False" Authorable="True" Caption="Feature Heading" DeveloperOnly="False" EditSortPriority="200" FieldType="Text" HTMLContent="False" IndexColumn="0" IndexSortDirection="" IndexSortOrder="0" IndexWidth="" RedirectID="" RedirectPath="" Required="False" TextBuffered="False" UniqueName="False" DefaultValue="" RSSTitle="False" RSSDescription="False" MemberSelectGroup="" EditTab="" Scramble="False" LookupList="" NotEditable="False" Password="False" ReadOnly="False" ManyToManyRulePrimaryField="" ManyToManyRuleSecondaryField="" IsModified="False" IsBaseField="False" LookupContent="" RedirectContent="" ManyToManyContent="" ManyToManyRuleContent="" >
			<HelpDefault><![CDATA[The heading is the caption in the manager tabs. If blank, the feature name will be used. If more than one feature use the same heading, the tab will link to a listing of features under that heading.]]></HelpDefault>
		</Field>
		<Field Name="parentFeatureId" active="True" AdminOnly="False" Authorable="True" Caption="Include in Feature List" DeveloperOnly="False" EditSortPriority="500" FieldType="Lookup" HTMLContent="False" IndexColumn="0" IndexSortDirection="" IndexSortOrder="0" IndexWidth="" RedirectID="" RedirectPath="" Required="False" TextBuffered="False" UniqueName="False" DefaultValue="" RSSTitle="False" RSSDescription="False" MemberSelectGroup="" EditTab="" Scramble="False" LookupList="" NotEditable="False" Password="False" ReadOnly="False" ManyToManyRulePrimaryField="" ManyToManyRuleSecondaryField="" IsModified="False" IsBaseField="False" LookupContent="Portal Features" RedirectContent="" ManyToManyContent="" ManyToManyRuleContent="" >
			<HelpDefault><![CDATA[If this feature should be included in a feature list, select the feature that is the parent of the list.]]></HelpDefault>
		</Field>
		<Field Name="dataContentId" active="True" AdminOnly="False" Authorable="True" Caption="Content" DeveloperOnly="False" EditSortPriority="560" FieldType="Lookup" HTMLContent="False" IndexColumn="0" IndexSortDirection="" IndexSortOrder="0" IndexWidth="" RedirectID="" RedirectPath="" Required="False" TextBuffered="False" UniqueName="False" DefaultValue="" RSSTitle="False" RSSDescription="False" MemberSelectGroup="" EditTab="" Scramble="False" LookupList="" NotEditable="False" Password="False" ReadOnly="False" ManyToManyRulePrimaryField="" ManyToManyRuleSecondaryField="" IsModified="False" IsBaseField="False" LookupContent="Content" RedirectContent="" ManyToManyContent="" ManyToManyRuleContent="" >
			<HelpDefault><![CDATA[If this feature links to editable content, like People or Organizations, select the content here. This is only valid if no addon is selected.]]></HelpDefault>
		</Field>
		<Field Name="addPadding" active="True" AdminOnly="False" Authorable="True" Caption="Add Padding" DeveloperOnly="False" EditSortPriority="570" FieldType="Boolean" HTMLContent="False" IndexColumn="0" IndexSortDirection="" IndexSortOrder="0" IndexWidth="" RedirectID="" RedirectPath="" Required="False" TextBuffered="False" UniqueName="False" DefaultValue="0" RSSTitle="False" RSSDescription="False" MemberSelectGroup="" EditTab="" Scramble="False" LookupList="" NotEditable="False" Password="False" ReadOnly="False" ManyToManyRulePrimaryField="" ManyToManyRuleSecondaryField="" IsModified="False" IsBaseField="False" LookupContent="" RedirectContent="" ManyToManyContent="" ManyToManyRuleContent="" >
			<HelpDefault><![CDATA[Add a small space between the edge of the feature and the edge of the content.]]></HelpDefault>
		</Field>
		<Field Name="collectionId" active="1" AdminOnly="0" Authorable="1" Caption="Installs with Collection" DeveloperOnly="0" EditSortPriority="4000" FieldType="Lookup" HTMLContent="0" IndexColumn="" IndexSortDirection="" IndexSortOrder="" IndexWidth="" RedirectID="" RedirectPath="" Required="False" TextBuffered="False" UniqueName="False" DefaultValue="" RSSTitle="False" RSSDescription="False" MemberSelectGroup="" EditTab="Control Info" Scramble="False" LookupList="" NotEditable="False" Password="False" ReadOnly="False" ManyToManyRulePrimaryField="" ManyToManyRuleSecondaryField="" LookupContent="Add-on Collections" RedirectContent="" ManyToManyContent="" ManyToManyRuleContent="" >
			<HelpDefault><![CDATA[If a collection is selected, this record was added by the installation of this collection, and if the collection is reinstalled the data will be overwritten. To customize this data, make a copy of this record and use the copy.]]></HelpDefault>
		</Field>
	</CDef>
	<CDef Name="Portal Links" Active="True" AdminOnly="False" AllowAdd="True" AllowCalendarEvents="0" AllowContentChildTool="0" AllowContentTracking="0" AllowDelete="True" AllowMetaContent="0" AllowTopicRules="0" AllowWorkflowAuthoring="0" AuthoringDataSourceName="Default" AuthoringTableName="ccPortalLinks" ContentDataSourceName="Default" ContentTableName="ccPortalLinks" DefaultSortMethod="By Name" DeveloperOnly="True" DropDownFieldList="Name" EditorGroupName="" Parent="" IconLink="" IconHeight="0" IconWidth="0" IconSprites="0" isbasecontent="0" guid="{87AEB78D-2254-4258-A84A-5F06D6FA5955}" >
		<Field Name="Name" active="True" AdminOnly="False" Authorable="True" Caption="Name" DeveloperOnly="False" EditSortPriority="3000" FieldType="Text" HTMLContent="False" IndexColumn="0" IndexSortDirection="" IndexSortOrder="0" IndexWidth="0" RedirectID="0" RedirectPath="" Required="False" TextBuffered="False" UniqueName="False" DefaultValue="" RSSTitle="False" RSSDescription="False" MemberSelectGroup="" EditTab="" Scramble="False" LookupList="" NotEditable="False" Password="False" ReadOnly="False" ManyToManyRulePrimaryField="" ManyToManyRuleSecondaryField="" IsModified="False" IsBaseField="False" LookupContent="" RedirectContent="" ManyToManyContent="" ManyToManyRuleContent="" ></Field>
		<Field Name="Active" active="True" AdminOnly="False" Authorable="False" Caption="Active" DeveloperOnly="False" EditSortPriority="200" FieldType="Boolean" HTMLContent="False" IndexColumn="0" IndexSortDirection="" IndexSortOrder="0" IndexWidth="0" RedirectID="0" RedirectPath="" Required="False" TextBuffered="False" UniqueName="False" DefaultValue="1" RSSTitle="False" RSSDescription="False" MemberSelectGroup="" EditTab="" Scramble="False" LookupList="" NotEditable="False" Password="False" ReadOnly="False" ManyToManyRulePrimaryField="" ManyToManyRuleSecondaryField="" IsModified="False" IsBaseField="False" LookupContent="" RedirectContent="" ManyToManyContent="" ManyToManyRuleContent="" ></Field>
		<Field Name="SortOrder" active="True" AdminOnly="False" Authorable="False" Caption="Alpha Sort Order" DeveloperOnly="False" EditSortPriority="2000" FieldType="Text" HTMLContent="False" IndexColumn="0" IndexSortDirection="" IndexSortOrder="0" IndexWidth="0" RedirectID="0" RedirectPath="" Required="False" TextBuffered="False" UniqueName="False" DefaultValue="" RSSTitle="False" RSSDescription="False" MemberSelectGroup="" EditTab="" Scramble="False" LookupList="" NotEditable="False" Password="False" ReadOnly="False" ManyToManyRulePrimaryField="" ManyToManyRuleSecondaryField="" IsModified="False" IsBaseField="False" LookupContent="" RedirectContent="" ManyToManyContent="" ManyToManyRuleContent="" ></Field>
		<Field Name="fromPortalId" active="True" AdminOnly="False" Authorable="True" Caption="From Portal" DeveloperOnly="False" EditSortPriority="1000" FieldType="Lookup" HTMLContent="False" IndexColumn="0" IndexSortDirection="" IndexSortOrder="0" IndexWidth="" RedirectID="" RedirectPath="" Required="False" TextBuffered="False" UniqueName="False" DefaultValue="" RSSTitle="False" RSSDescription="False" MemberSelectGroup="" EditTab="" Scramble="False" LookupList="" NotEditable="False" Password="False" ReadOnly="False" ManyToManyRulePrimaryField="" ManyToManyRuleSecondaryField="" IsModified="False" IsBaseField="False" LookupContent="" RedirectContent="" ManyToManyContent="" ManyToManyRuleContent="" ></Field>
		<Field Name="toPortalId" active="True" AdminOnly="False" Authorable="True" Caption="To Portal" DeveloperOnly="False" EditSortPriority="2000" FieldType="Lookup" HTMLContent="False" IndexColumn="0" IndexSortDirection="" IndexSortOrder="0" IndexWidth="" RedirectID="" RedirectPath="" Required="False" TextBuffered="False" UniqueName="False" DefaultValue="" RSSTitle="False" RSSDescription="False" MemberSelectGroup="" EditTab="" Scramble="False" LookupList="" NotEditable="False" Password="False" ReadOnly="False" ManyToManyRulePrimaryField="" ManyToManyRuleSecondaryField="" IsModified="False" IsBaseField="False" LookupContent="" RedirectContent="" ManyToManyContent="" ManyToManyRuleContent="" ></Field>
	</CDef>
	<CDef Name="Portals" Active="True" AdminOnly="False" AllowAdd="True" AllowCalendarEvents="0" AllowContentChildTool="0" AllowContentTracking="0" AllowDelete="True" AllowMetaContent="0" AllowTopicRules="0" AllowWorkflowAuthoring="0" AuthoringDataSourceName="Default" AuthoringTableName="ccPortals" ContentDataSourceName="Default" ContentTableName="ccPortals" DefaultSortMethod="By Name" DeveloperOnly="False" DropDownFieldList="Name" EditorGroupName="" Parent="" IconLink="" IconHeight="0" IconWidth="0" IconSprites="0" isbasecontent="0" guid="{5CFE1D86-E22A-4082-956F-37CCFD9D00B1}" >
		<Field Name="Name" active="True" AdminOnly="False" Authorable="True" Caption="Name" DeveloperOnly="False" EditSortPriority="110" FieldType="Text" HTMLContent="False" IndexColumn="0" IndexSortDirection="" IndexSortOrder="0" IndexWidth="0" RedirectID="0" RedirectPath="" Required="False" TextBuffered="False" UniqueName="False" DefaultValue="" RSSTitle="False" RSSDescription="False" MemberSelectGroup="" EditTab="" Scramble="False" LookupList="" NotEditable="False" Password="False" ReadOnly="False" ManyToManyRulePrimaryField="" ManyToManyRuleSecondaryField="" IsModified="False" IsBaseField="False" LookupContent="" RedirectContent="" ManyToManyContent="" ManyToManyRuleContent="" >
			<HelpDefault><![CDATA[The name of the manager. This name appears in the manager heading.]]></HelpDefault>
		</Field>
		<Field Name="Active" active="True" AdminOnly="False" Authorable="True" Caption="Active" DeveloperOnly="False" EditSortPriority="200" FieldType="Boolean" HTMLContent="False" IndexColumn="0" IndexSortDirection="" IndexSortOrder="0" IndexWidth="0" RedirectID="0" RedirectPath="" Required="False" TextBuffered="False" UniqueName="False" DefaultValue="1" RSSTitle="False" RSSDescription="False" MemberSelectGroup="" EditTab="" Scramble="False" LookupList="" NotEditable="False" Password="False" ReadOnly="False" ManyToManyRulePrimaryField="" ManyToManyRuleSecondaryField="" IsModified="False" IsBaseField="False" LookupContent="" RedirectContent="" ManyToManyContent="" ManyToManyRuleContent="" >
			<HelpDefault><![CDATA[Uncheck to disable the manager.]]></HelpDefault>
		</Field>
		<Field Name="SortOrder" active="True" AdminOnly="False" Authorable="False" Caption="Alpha Sort Order" DeveloperOnly="False" EditSortPriority="2000" FieldType="Text" HTMLContent="False" IndexColumn="0" IndexSortDirection="" IndexSortOrder="0" IndexWidth="0" RedirectID="0" RedirectPath="" Required="False" TextBuffered="False" UniqueName="False" DefaultValue="" RSSTitle="False" RSSDescription="False" MemberSelectGroup="" EditTab="" Scramble="False" LookupList="" NotEditable="False" Password="False" ReadOnly="False" ManyToManyRulePrimaryField="" ManyToManyRuleSecondaryField="" IsModified="False" IsBaseField="False" LookupContent="" RedirectContent="" ManyToManyContent="" ManyToManyRuleContent="" ></Field>
		<Field Name="defaultConfigJson" active="True" AdminOnly="False" Authorable="True" Caption="Default Configuration JSON" DeveloperOnly="False" EditSortPriority="9999" FieldType="LongText" HTMLContent="False" IndexColumn="0" IndexSortDirection="" IndexSortOrder="0" IndexWidth="" RedirectID="" RedirectPath="" Required="False" TextBuffered="False" UniqueName="False" DefaultValue="" RSSTitle="False" RSSDescription="False" MemberSelectGroup="" EditTab="" Scramble="False" LookupList="" NotEditable="False" Password="False" ReadOnly="False" ManyToManyRulePrimaryField="" ManyToManyRuleSecondaryField="" IsModified="False" IsBaseField="False" LookupContent="" RedirectContent="" ManyToManyContent="" ManyToManyRuleContent="" >
			<HelpDefault><![CDATA[If this manager installation has no feature, this config file will be applied to the site. This is used for initial installation of a new manager. To re-apply this configuration, delete all manager features for this manager.]]></HelpDefault>
		</Field>
		<Field Name="defaultFeatureId" active="True" AdminOnly="False" Authorable="True" Caption="Default Feature" DeveloperOnly="False" EditSortPriority="300" FieldType="Lookup" HTMLContent="False" IndexColumn="0" IndexSortDirection="" IndexSortOrder="0" IndexWidth="" RedirectID="" RedirectPath="" Required="False" TextBuffered="False" UniqueName="False" DefaultValue="" RSSTitle="False" RSSDescription="False" MemberSelectGroup="" EditTab="" Scramble="False" LookupList="" NotEditable="False" Password="False" ReadOnly="False" ManyToManyRulePrimaryField="" ManyToManyRuleSecondaryField="" IsModified="False" IsBaseField="False" LookupContent="Portal Features" RedirectContent="" ManyToManyContent="" ManyToManyRuleContent="" >
			<HelpDefault><![CDATA[Set the feature to be used when no specific feature is requested. For instance, this will be the feature displayed when the manager is first executed.]]></HelpDefault>
		</Field>
		<Field Name="portalLinks" active="True" AdminOnly="False" Authorable="True" Caption="Include Link To" DeveloperOnly="False" EditSortPriority="1000" FieldType="ManyToMany" HTMLContent="False" IndexColumn="0" IndexSortDirection="" IndexSortOrder="0" IndexWidth="" RedirectID="" RedirectPath="" Required="False" TextBuffered="False" UniqueName="False" DefaultValue="" RSSTitle="False" RSSDescription="False" MemberSelectGroup="" EditTab="Portal Links" Scramble="False" LookupList="" NotEditable="False" Password="False" ReadOnly="False" ManyToManyRulePrimaryField="fromPortalId" ManyToManyRuleSecondaryField="toPortalId" IsModified="False" IsBaseField="False" LookupContent="" RedirectContent="" ManyToManyContent="Portals" ManyToManyRuleContent="Portal Links" ></Field>
		<Field Name="collectionId" active="1" AdminOnly="0" Authorable="1" Caption="Installs with Collection" DeveloperOnly="0" EditSortPriority="4000" FieldType="Lookup" HTMLContent="0" IndexColumn="" IndexSortDirection="" IndexSortOrder="" IndexWidth="" RedirectID="" RedirectPath="" Required="False" TextBuffered="False" UniqueName="False" DefaultValue="" RSSTitle="False" RSSDescription="False" MemberSelectGroup="" EditTab="Control Info" Scramble="False" LookupList="" NotEditable="False" Password="False" ReadOnly="False" ManyToManyRulePrimaryField="" ManyToManyRuleSecondaryField="" LookupContent="Add-on Collections" RedirectContent="" ManyToManyContent="" ManyToManyRuleContent="" >
			<HelpDefault><![CDATA[If a collection is selected, this record was added by the installation of this collection, and if the collection is reinstalled the data will be overwritten. To customize this data, make a copy of this record and use the copy.]]></HelpDefault>
		</Field>
	</CDef>
	<ImportCollection name="Google jsapi">{B071E394-A381-41E2-B3F9-7E2CC509A8C5}</ImportCollection>
	<ImportCollection name="JQuery">{A435BF70-041B-43D1-8A8D-5D9D59A7FCD0}</ImportCollection>
	<ImportCollection name="jQuery-blockui-legacyCollection">{A7AFC023-DF2A-4CB3-BD0F-FAA9DA521901}</ImportCollection>
	<Resource name="styles.css" type="www" path="portalframework" />
	<Resource name="scripts.js" type="www" path="portalframework" />
	<Resource name="aoAdminFramework.dll" type="executable" path="" />
	<Resource name="AdminUIPageWithNavLayout.html" type="file" path="portalframework" />
	<Resource name="AdminUITwoColumnLeftLayout.html" type="file" path="portalframework" />
	<Resource name="AdminUITwoColumnRightLayout.html" type="file" path="portalframework" />
</Collection>